login,id,html_url,type
wajahat-ali-mir-dev,156110102,https://github.com/wajahat-ali-mir-dev,User
qlab-intro-python,155497897,https://github.com/qlab-intro-python,Organization
Binlandorg,157664492,https://github.com/Binlandorg,Organization
intellisoftinnovation,157065996,https://github.com/intellisoftinnovation,Organization
JaritzaVillanueva,157085713,https://github.com/JaritzaVillanueva,User
RonaldoLobatoCode,156473304,https://github.com/RonaldoLobatoCode,User
SenatiDreamTeam,158237479,https://github.com/SenatiDreamTeam,Organization
cotanol,157823162,https://github.com/cotanol,User
KendryAR,157754921,https://github.com/KendryAR,User
CODEPLEX-SAC,158305679,https://github.com/CODEPLEX-SAC,Organization
unsa-learnify,158220754,https://github.com/unsa-learnify,Organization
Daniel-tic,156932677,https://github.com/Daniel-tic,User
RoyFarid,155462765,https://github.com/RoyFarid,User
Jair25x,155487932,https://github.com/Jair25x,User
Meteor-Labs,156697157,https://github.com/Meteor-Labs,Organization
lquequejana,155588715,https://github.com/lquequejana,User
ruthchp,157503274,https://github.com/ruthchp,User
ByteRover13,157992651,https://github.com/ByteRover13,User
TheBoulderBD,155932354,https://github.com/TheBoulderBD,User
SERVIC-CONDOR,158296606,https://github.com/SERVIC-CONDOR,Organization
viktoriyasorokinaokolovskaya,158232520,https://github.com/viktoriyasorokinaokolovskaya,User
Mafl412,155801605,https://github.com/Mafl412,User
SofiaPichihua,155592870,https://github.com/SofiaPichihua,User
evefant,156614288,https://github.com/evefant,Organization
harkaysoft,156686023,https://github.com/harkaysoft,Organization
EduardoQuiche,157760965,https://github.com/EduardoQuiche,User
MegaCode-Company,156265548,https://github.com/MegaCode-Company,Organization
mariag-yatin,156133981,https://github.com/mariag-yatin,User
wperezt,156696850,https://github.com/wperezt,User
lg-caceres,158228062,https://github.com/lg-caceres,User
CultuAlert,156985154,https://github.com/CultuAlert,Organization
LatinSoft-Technologies,156979327,https://github.com/LatinSoft-Technologies,Organization
rrojasen,156867028,https://github.com/rrojasen,User
everj01,156130171,https://github.com/everj01,User
ukuukkfre1,155499399,https://github.com/ukuukkfre1,User
SISTINCON-SAC,157930449,https://github.com/SISTINCON-SAC,Organization
vendemas,157200862,https://github.com/vendemas,Organization
el-Kappaboy,155762399,https://github.com/el-Kappaboy,User
alttiplano,157546961,https://github.com/alttiplano,Organization
Nat0EZK,156240507,https://github.com/Nat0EZK,User
OscarYaranga5,155754952,https://github.com/OscarYaranga5,User
yronmobil,156238608,https://github.com/yronmobil,User
kcot2024,157666292,https://github.com/kcot2024,User
FredyGarcia146,157577842,https://github.com/FredyGarcia146,User
Nettia-pe,156707846,https://github.com/Nettia-pe,Organization
plaza-san-miguel,155702419,https://github.com/plaza-san-miguel,Organization
Developerfur,155924396,https://github.com/Developerfur,User
tihonowavalia,157151472,https://github.com/tihonowavalia,User
NilDisMTH,156942837,https://github.com/NilDisMTH,User
leonardohq-8519,155579233,https://github.com/leonardohq-8519,User
colanherbozo,155499476,https://github.com/colanherbozo,User
timgrony,155336364,https://github.com/timgrony,User
chbernal24,158111234,https://github.com/chbernal24,User
juanpbc8,156481972,https://github.com/juanpbc8,User
Cerati1998,157136516,https://github.com/Cerati1998,User
srlch1,156157730,https://github.com/srlch1,User
Onpe-Devs,158099380,https://github.com/Onpe-Devs,Organization
josemolinai-nuamx,155554157,https://github.com/josemolinai-nuamx,User
rogelio2050,157925817,https://github.com/rogelio2050,User
prestify,156346107,https://github.com/prestify,Organization
Zinout-Culture,155831646,https://github.com/Zinout-Culture,Organization
vfvbyjxrf,156732305,https://github.com/vfvbyjxrf,User
vika9741,157941914,https://github.com/vika9741,User
alejandrobaldera,157331708,https://github.com/alejandrobaldera,User
CodicoreSAC,157419208,https://github.com/CodicoreSAC,Organization
Franco1811,156721997,https://github.com/Franco1811,User
dev-german,157174202,https://github.com/dev-german,User
1eonardomoreno,158311301,https://github.com/1eonardomoreno,User
edward98rocca,157638334,https://github.com/edward98rocca,User
thelilone1234,156275382,https://github.com/thelilone1234,User
axeleguia-globant,156120644,https://github.com/axeleguia-globant,User
ramirezherreranoeelvis,158113337,https://github.com/ramirezherreranoeelvis,User
GabrielaZari,155592767,https://github.com/GabrielaZari,User
alonzoweb,157550745,https://github.com/alonzoweb,User
LueraOchoaJoseLuis,157906439,https://github.com/LueraOchoaJoseLuis,User
JandUP,157392598,https://github.com/JandUP,Organization
Beltran-Apps,156927735,https://github.com/Beltran-Apps,Organization
somosbob,157077924,https://github.com/somosbob,Organization
josue2720,157656725,https://github.com/josue2720,User
JhonnyBoyk,155852100,https://github.com/JhonnyBoyk,User
yana-pyatovskaya,156038034,https://github.com/yana-pyatovskaya,User
the-phantom4smar,156798003,https://github.com/the-phantom4smar,User
wayne-517,156832083,https://github.com/wayne-517,User
Jesquis,155564208,https://github.com/Jesquis,User
Supply-Corp,155762252,https://github.com/Supply-Corp,Organization
paolo-rossig,155998629,https://github.com/paolo-rossig,User
xicali13,157251234,https://github.com/xicali13,User
steffanoRichi,156397754,https://github.com/steffanoRichi,User
Peru-BPM,155840781,https://github.com/Peru-BPM,Organization
kvaldivia-umg,156942227,https://github.com/kvaldivia-umg,User
sistemasinfor,157315879,https://github.com/sistemasinfor,User
Gerardo-HG,157294307,https://github.com/Gerardo-HG,User
DonTF1y,156743920,https://github.com/DonTF1y,User
vitrajistos,156174081,https://github.com/vitrajistos,User
voit-cs,157196148,https://github.com/voit-cs,User
reforestrees,156032776,https://github.com/reforestrees,User
jobsuck,157934828,https://github.com/jobsuck,User
